{
    "stop_dist": {
        "type": "double",
        "value": 0.5,
        "max": 4,
        "min": 0,
        "name": "停障距离",
        "user": "route"
    },
    "stop_angle": {
        "type": "double",
        "value": 8,
        "max": 180,
        "min": 0,
        "name": "停障角度(deg)",
        "user": "route"
    },
    "disabled_sensors": {
        "type": "int",
        "value": [],
        "valueEnum": {
            "1": "前激光",
            "2": "后激光",
            "4": "左前激光",
            "7": "右前激光",
            "8": "右后激光",
            "9": "顶激光",
            "-20": "点激光",
            "-1": "前深度相机",
            "-2": "后深度相机"
        },
        "name": "禁用传感器",
        "user": "route"
    },
    "load_dock_type": {
        "type": "int",
        "valueEnum": {
            "-1": "全局配置",
            "404": "导航",
            "406": "盲退",
            "409": "盲进",
            "510": "激光模板",
            "502": "二维码",
            "503": "二维码带",
            "505": "磁条",
            "506": "深度相机"
        },
        "value": -1,
        "name": "上料对接",
        "user": "spot"
    },
    "load_dock_sub_type": {
        "type": "int",
        "value": 1,
        "max": 100,
        "min": 0,
        "name": "上料子类型",
        "user": "spot"
    },
    "unload_dock_type": {
        "type": "int",
        "valueEnum": {
            "-1": "全局配置",
            "404": "导航",
            "406": "盲退",
            "409": "盲进",
            "510": "激光模板",
            "502": "二维码",
            "503": "二维码带",
            "505": "磁条",
            "506": "深度相机"
        },
        "value": -1,
        "name": "下料对接",
        "user": "spot"
    },
    "unload_dock_sub_type": {
        "type": "int",
        "value": 1,
        "max": 100,
        "min": 0,
        "name": "下料子类型",
        "user": "spot"
    },
    "leave_station_dock_type": {
        "type": "int",
        "valueEnum": {
            "-1": "全局配置",
            "404": "导航",
            "406": "盲退",
            "409": "盲进",
            "510": "激光模板",
            "502": "二维码",
            "503": "二维码带",
            "505": "磁条",
            "506": "深度相机"
        },
        "value": -1,
        "name": "出站对接",
        "user": "spot"
    },
    "leave_station_dock_sub_type": {
        "type": "int",
        "value": 1,
        "max": 100,
        "min": 0,
        "name": "出站子类型",
        "user": "spot"
    },
    "platform_height": {
        "type": "int",
        "value": -1,
        "max": 20000,
        "min": -1,
        "name": "平台高度(mm)",
        "user": "spot"
    },
    "offset_x": {
        "type": "double",
        "value": 0,
        "name": "纠偏x(mm)",
        "user": "spot"
    },
    "offset_y": {
        "type": "double",
        "value": 0,
        "name": "纠偏y(mm)",
        "user": "spot"
    },
    "offset_theta": {
        "type": "double",
        "value": 0,
        "name": "纠偏角度(deg)",
        "user": "spot"
    },
    "shelf_posture": {
        "type": "int",
        "valueEnum": {
            "0": "不限制",
            "1": "前",
            "2": "后",
            "3": "左",
            "4": "右",
            "5": "平行",
            "6": "垂直"
        },
        "name": "货架姿态",
        "user": "route",
        "value": 0
    },
    "robot_type": {
        "type": "int",
        "value": 0,
        "max": 10,
        "min": 0,
        "name": "车体模板",
        "user": "route"
    },
    "route_shape": {
        "type": "double",
        "name": [
            "停障尺寸前",
            "停障尺寸后",
            "停障尺寸左",
            "停障尺寸右"
        ],
        "max": [
            3,
            3,
            3,
            3
        ],
        "min": [
            0,
            0,
            0,
            0
        ],
        "user": "route"
    },
    "is_back": {
        "type": "boolean",
        "value": false,
        "name": "是否允许后退",
        "user": "route"
    },
    "path_width": {
        "type": "double",
        "value": 100,
        "name": "路径宽度",
        "user": "route"
    },
    "is_relocate_spot": {
        "type": "boolean",
        "value": false,
        "name": "是否是重定位点",
        "user": "spot"
    }
}