{"inflation_shape":{"type":"double","value":[0,0,0,0],"name":["前车身膨胀","后车身膨胀","左车身膨胀","右车身膨胀"],"max":[10,10,10,10],"min":[-10,-10,-10,-10],"user":"route"},"stop_dist":{"type":"double","value":0.2,"max":10,"min":-1,"name":"停障距离","user":"route"},"stop_angle":{"type":"double","value":8,"max":180,"min":-1,"name":"停障角度(deg)","user":"route"},"disabled_sensors":{"type":"int","value":[],"valueEnum":{"1":"前激光","2":"后激光","4":"左前激光","7":"右前激光","20":"点激光","-1":"深度相机"},"name":"禁用传感器","user":"route"}}